-- Auto-generated by scripts/regenerate-seed.sh
-- Source: SMF 2.0.15 fixture migrated via MIGRATE_SMF_INSTALLATION.
-- Edit the SMF fixture and re-run that script instead of editing this file by hand.

INSERT INTO zfgbb."user" (user_id, created_ts, updated_ts, sso_key, active_flag, display_name, user_name, migration_hash, password_hash, password_algo, password_salt, locked_until_ts, failed_login_count, password_changed_ts) VALUES (8, '2026-05-03 20:08:51.019024', '2026-05-03 20:08:51.019024', 'admin', true, 'admin', 'admin', 'gQ5zbn_dFOr-6BR2Es0Yfg==', NULL, NULL, NULL, NULL, 0, NULL);
INSERT INTO zfgbb."user" (user_id, created_ts, updated_ts, sso_key, active_flag, display_name, user_name, migration_hash, password_hash, password_algo, password_salt, locked_until_ts, failed_login_count, password_changed_ts) VALUES (9, '2026-05-03 20:08:51.019024', '2026-05-03 20:08:51.019024', 'random-person', true, 'random-person', 'random-person', '069lrBVfmHgEBF9BTf6uLQ==', NULL, NULL, NULL, NULL, 0, NULL);
INSERT INTO zfgbb.content_resource (content_resource_id, content_type_id, uploaded_user_id, filename, checksum, file_ext, mime_type, created_ts, updated_ts, migration_hash, file_size) VALUES (4, 2, 8, 'favicon.png', 'ea50a9d916d3b3598d2d8a3347b7907dcce1d283', 'png', 'image/png', '2026-05-03 20:08:51.151824', '2026-05-03 20:08:51.151824', 'VqSsC4YxAZhtaYhX0J-TRA==', 8399);
INSERT INTO zfgbb.avatar (avatar_id, url, active_flag, created_ts, updated_ts, migration_hash, content_resource_id) VALUES (4, 'Musicians/Linkin_Park.jpg', true, '2026-05-03 20:08:51.13805', '2026-05-03 20:08:51.13805', 'laZyf_JW-SV69SDBeVdcvA==', NULL);
INSERT INTO zfgbb.category (category_id, category_name, description, created_ts, updated_ts, parent_board_id, migration_hash, category_order) VALUES (1, 'General Category', NULL, '2026-05-03 20:08:51.033517', '2026-05-03 20:08:51.033517', NULL, 'VSsrOqj1fqExIfZlqGCYDQ==', 1);
INSERT INTO zfgbb.category (category_id, category_name, description, created_ts, updated_ts, parent_board_id, migration_hash, category_order) VALUES (2, 'New Category', NULL, '2026-05-03 20:08:51.033517', '2026-05-03 20:08:51.033517', NULL, 'yZ01v24hao2aLwwbItm6Cw==', 0);
INSERT INTO zfgbb.board (board_id, board_name, description, created_ts, updated_ts, category_id, seqno, parent_board_id, migration_hash) VALUES (1, 'General Discussion', NULL, '2026-05-03 20:08:51.045039', '2026-05-03 20:08:51.045039', 1, 3, NULL, 'RELtR4IOnGoWuJEQb1Mccg==');
INSERT INTO zfgbb.board (board_id, board_name, description, created_ts, updated_ts, category_id, seqno, parent_board_id, migration_hash) VALUES (2, 'New Board', NULL, '2026-05-03 20:08:51.045039', '2026-05-03 20:08:51.045039', 2, 1, NULL, 'VbNHb9-KW2Y3cAayzktBzg==');
INSERT INTO zfgbb.board (board_id, board_name, description, created_ts, updated_ts, category_id, seqno, parent_board_id, migration_hash) VALUES (3, 'Staff Only', NULL, '2026-05-03 20:08:51.045039', '2026-05-03 20:08:51.045039', 2, 2, NULL, 'BcQx40FDDFrp2PwJcR-QJQ==');
INSERT INTO zfgbb.br_board_permission (br_board_permission_id, board_id, permission_id) VALUES (1, 1, 2);
INSERT INTO zfgbb.br_board_permission (br_board_permission_id, board_id, permission_id) VALUES (2, 1, 1);
INSERT INTO zfgbb.br_board_permission (br_board_permission_id, board_id, permission_id) VALUES (3, 1, 11);
INSERT INTO zfgbb.br_board_permission (br_board_permission_id, board_id, permission_id) VALUES (4, 1, 10);
INSERT INTO zfgbb.br_board_permission (br_board_permission_id, board_id, permission_id) VALUES (5, 2, 2);
INSERT INTO zfgbb.br_board_permission (br_board_permission_id, board_id, permission_id) VALUES (6, 2, 1);
INSERT INTO zfgbb.br_board_permission (br_board_permission_id, board_id, permission_id) VALUES (7, 2, 11);
INSERT INTO zfgbb.br_board_permission (br_board_permission_id, board_id, permission_id) VALUES (8, 2, 10);
INSERT INTO zfgbb.br_board_permission (br_board_permission_id, board_id, permission_id) VALUES (9, 3, 11);
INSERT INTO zfgbb.br_board_permission (br_board_permission_id, board_id, permission_id) VALUES (10, 3, 10);
INSERT INTO zfgbb.br_user_permission (br_user_permission_id, user_permission_id, user_id) VALUES (3, 10, 8);
INSERT INTO zfgbb.br_user_permission (br_user_permission_id, user_permission_id, user_id) VALUES (4, 1, 8);
INSERT INTO zfgbb.br_user_permission (br_user_permission_id, user_permission_id, user_id) VALUES (5, 1, 9);
INSERT INTO zfgbb.email_address (email_address_id, email_address, created_ts, updated_ts, spammer_flag, migration_hash) VALUES (1, 'fake-email@not-real.fake.tld.thing', '2026-05-03 20:08:51.168034', '2026-05-03 20:08:51.168034', false, 'hA8SZ_ZDJ8YoW3lVHnY6LQ==');
INSERT INTO zfgbb.email_address (email_address_id, email_address, created_ts, updated_ts, spammer_flag, migration_hash) VALUES (2, 'random-person@fake-email.fake.tld.thing', '2026-05-03 20:08:51.168034', '2026-05-03 20:08:51.168034', false, 'sElV15vYTGZpUW9Gx6Cg_Q==');
INSERT INTO zfgbb.thread (thread_id, thread_name, locked_flag, pinned_flag, created_ts, updated_ts, board_id, created_user_id, view_count, migration_hash) VALUES (1, 'Welcome to SMF!', false, false, '2026-05-03 20:08:51.0673', '2026-05-03 20:08:51.0673', 1, NULL, 0, 'sTFAiVjQUONx-HjtntcI-A==');
INSERT INTO zfgbb.thread (thread_id, thread_name, locked_flag, pinned_flag, created_ts, updated_ts, board_id, created_user_id, view_count, migration_hash) VALUES (2, 'Poll Thread', false, false, '2026-05-03 20:08:51.0673', '2026-05-03 20:08:51.0673', 1, 8, 5, 'hRFZYe5g590o8wlvY3orLg==');
INSERT INTO zfgbb.thread (thread_id, thread_name, locked_flag, pinned_flag, created_ts, updated_ts, board_id, created_user_id, view_count, migration_hash) VALUES (3, 'Sticky Thread Test', false, true, '2026-05-03 20:08:51.0673', '2026-05-03 20:08:51.0673', 3, 8, 1, 'AXhr5StT75vtAzJLzp7O6A==');
INSERT INTO zfgbb.thread (thread_id, thread_name, locked_flag, pinned_flag, created_ts, updated_ts, board_id, created_user_id, view_count, migration_hash) VALUES (4, 'Thread Test', false, false, '2026-05-03 20:08:51.0673', '2026-05-03 20:08:51.0673', 3, 8, 2, 'remLbXL0xUTUjQ25Sbnd1w==');
INSERT INTO zfgbb.thread (thread_id, thread_name, locked_flag, pinned_flag, created_ts, updated_ts, board_id, created_user_id, view_count, migration_hash) VALUES (5, 'BBCode', false, false, '2026-05-03 20:08:51.0673', '2026-05-03 20:08:51.0673', 1, 8, 7, 'v6llsrCHmg_7ROI9BjoMqw==');
INSERT INTO zfgbb.message (message_id, owner_id, thread_id, created_ts, updated_ts, post_in_thread, migration_hash) VALUES (1, NULL, 1, '2026-05-02 03:41:18', '2026-05-02 03:41:18', 1, 'FXgZAMh2hGjpgncEp9rHgA==');
INSERT INTO zfgbb.message (message_id, owner_id, thread_id, created_ts, updated_ts, post_in_thread, migration_hash) VALUES (2, 8, 2, '2026-05-02 03:44:08', '2026-05-02 03:44:08', 1, 'ko1Ph05Qd-6ZC_7vID4bBA==');
INSERT INTO zfgbb.message (message_id, owner_id, thread_id, created_ts, updated_ts, post_in_thread, migration_hash) VALUES (3, 8, 3, '2026-05-02 03:44:25', '2026-05-02 03:44:25', 1, 'dGUYq8hNvsiEgUy06Va3Rg==');
INSERT INTO zfgbb.message (message_id, owner_id, thread_id, created_ts, updated_ts, post_in_thread, migration_hash) VALUES (4, 8, 4, '2026-05-02 03:44:47', '2026-05-02 03:44:47', 1, 'v5TxtPMulNIfpH8SRjJ5mw==');
INSERT INTO zfgbb.message (message_id, owner_id, thread_id, created_ts, updated_ts, post_in_thread, migration_hash) VALUES (5, 8, 5, '2026-05-02 03:50:06', '2026-05-02 03:50:06', 1, 'YcGuHAbq_-gbvsokDUsc-Q==');
INSERT INTO zfgbb.message (message_id, owner_id, thread_id, created_ts, updated_ts, post_in_thread, migration_hash) VALUES (6, 8, 5, '2026-05-02 03:50:30', '2026-05-02 03:50:30', 2, '2V7H6a9ctWps5gN2P2ap-w==');
INSERT INTO zfgbb.message (message_id, owner_id, thread_id, created_ts, updated_ts, post_in_thread, migration_hash) VALUES (7, 8, 5, '2026-05-02 03:53:51', '2026-05-02 03:53:51', 3, '06rbEVNj4ExXJzevYHIZxg==');
INSERT INTO zfgbb.message (message_id, owner_id, thread_id, created_ts, updated_ts, post_in_thread, migration_hash) VALUES (8, 8, 2, '2026-05-02 03:57:39', '2026-05-02 03:57:39', 2, 'w5kBWBKQUcNnRAc9KTrDKg==');
INSERT INTO zfgbb.message (message_id, owner_id, thread_id, created_ts, updated_ts, post_in_thread, migration_hash) VALUES (9, 9, 2, '2026-05-02 04:10:34', '2026-05-02 04:10:34', 3, 'IxSSAo7lbSPNOFaLen86bw==');
INSERT INTO zfgbb.message (message_id, owner_id, thread_id, created_ts, updated_ts, post_in_thread, migration_hash) VALUES (10, 9, 5, '2026-05-02 04:13:42', '2026-05-02 04:13:42', 4, '2dxc_LEwZsVljUBUeCwuYw==');
INSERT INTO zfgbb.file_attachments (file_attachment_id, message_id, active_flag, created_ts, updated_ts, content_resource_id, migration_hash, downloads) VALUES (1, 8, true, '2026-05-03 20:08:51.151824', '2026-05-03 20:08:51.151824', 4, 'ohsldzwUvvu6uXHZZThD4w==', 4);
INSERT INTO zfgbb.ip_address (ip_address_id, ip, ip_v6_flag, is_spammer_flag, created_ts, updated_ts, migration_hash) VALUES (1, '127.0.0.1', false, false, '2026-05-03 20:08:51.104234', '2026-05-03 20:08:51.104234', 'iPC6J0aZ9Qs_I1QorOhb9Q==');
INSERT INTO zfgbb.ip_address (ip_address_id, ip, ip_v6_flag, is_spammer_flag, created_ts, updated_ts, migration_hash) VALUES (2, '10.89.0.114', false, false, '2026-05-03 20:08:51.104234', '2026-05-03 20:08:51.104234', '7eBvsF_g6gjSp3WnByItVg==');
INSERT INTO zfgbb.message_history (message_history_id, message_id, message_text, current_flag, created_ts, updated_ts, ip_address_id, migration_hash, legacy_id) VALUES (1, 1, 'Welcome to Simple Machines Forum!<br /><br />We hope you enjoy using your forum.&nbsp; If you have any problems, please feel free to [url=http://www.simplemachines.org/community/index.php]ask us for assistance[/url].<br /><br />Thanks!<br />Simple Machines', true, '2026-05-02 03:41:18', '2026-05-02 03:41:18', 1, 'gj-l5V5uDCqzDT1hPftXrA==', NULL);
INSERT INTO zfgbb.message_history (message_history_id, message_id, message_text, current_flag, created_ts, updated_ts, ip_address_id, migration_hash, legacy_id) VALUES (2, 2, 'test', true, '2026-05-02 03:44:08', '2026-05-02 03:44:08', 2, '78Mu1_FPnr2diMqeCE5QfA==', NULL);
INSERT INTO zfgbb.message_history (message_history_id, message_id, message_text, current_flag, created_ts, updated_ts, ip_address_id, migration_hash, legacy_id) VALUES (3, 3, 'Test&nbsp; :D', true, '2026-05-02 03:44:25', '2026-05-02 03:44:25', 2, '8tsESl8QKkjhs2sbl3kl2g==', NULL);
INSERT INTO zfgbb.message_history (message_history_id, message_id, message_text, current_flag, created_ts, updated_ts, ip_address_id, migration_hash, legacy_id) VALUES (4, 4, 'test', true, '2026-05-02 03:44:47', '2026-05-02 03:44:47', 2, 'v9fBFhVF6caY9b0vMv7iOA==', NULL);
INSERT INTO zfgbb.message_history (message_history_id, message_id, message_text, current_flag, created_ts, updated_ts, ip_address_id, migration_hash, legacy_id) VALUES (5, 5, '[b]Bold[/b]<br /><br />[i]Italics[/i]<br /><br />[u]Underline[/u]<br /><br />[s]Strikethrough[/s]<br /><br />[s][u][i][b]Bold, italics, underline, strikethrough combined[/b][/i][/u][/s]<br /><br />[pre]Preformatted text[/pre]<br /><br />[left]Left Align Text[/left]<br /><br />[center]Centered Text[/center]<br /><br />[right]Right Aligned[/right]<br /><br />Hyperlink<br />[url=https://youtu.be/l0sZPaz8lU4?t=1961&amp;si=G8AlSABRKJD_o0c6]https://youtu.be/l0sZPaz8lU4?t=1961&amp;si=G8AlSABRKJD_o0c6[/url]<br /><br />[glow=red,2,300]Red Glow Text[/glow]<br /><br />[shadow=red,left]Red Dropshadow Text[/shadow]<br /><br />[move]Marquee test[/move]<br /><br />[sup]Superscript test[/sup]<br />[sub]Subscript test[/sub]<br /><br />[tt]Teletype test[/tt]<br /><br />[table]<br />[tr]<br />[td]Simple table test[/td]<br />[/tr]<br />[/table]<br /><br /><br />[code]<br />function someFunction() {<br />&nbsp; console.log(&#039;code test&#039;)<br />}<br />[/code]<br /><br />[quote]<br />Quote test<br />[/quote]<br /><br />[list]<br />[li]Bullet list test[/li]<br />[li]Bullet list test[/li]<br />[/list]<br /><br />[list type=decimal]<br />[li]Decimal list test[/li]<br />[li]Decimal list test[/li]<br />[/list]<br /><br />Horizontal divider test<br />[hr]<br /><br />[size=36pt]Font Size Test[/size]<br /><br />[font=comic sans ms]Font Face Test[/font]<br /><br />[color=navy]Font Color Test[/color]<br />', true, '2026-05-02 03:50:06', '2026-05-02 03:50:06', 2, 'Nj9CZFhbvGz_4hDpWgjAQg==', NULL);
INSERT INTO zfgbb.message_history (message_history_id, message_id, message_text, current_flag, created_ts, updated_ts, ip_address_id, migration_hash, legacy_id) VALUES (6, 6, 'Wow, much bbcode!', true, '2026-05-02 03:50:30', '2026-05-02 03:50:30', 2, 'XMuxy-2XVkyXrU34gB8QMw==', NULL);
INSERT INTO zfgbb.message_history (message_history_id, message_id, message_text, current_flag, created_ts, updated_ts, ip_address_id, migration_hash, legacy_id) VALUES (7, 7, '[img]http://localhost:8090//Themes/core/images/smflogo.gif[/img]', true, '2026-05-02 03:53:51', '2026-05-02 03:53:51', 2, 'dQlCB7yPIL4zmiMm5hlfbQ==', NULL);
INSERT INTO zfgbb.message_history (message_history_id, message_id, message_text, current_flag, created_ts, updated_ts, ip_address_id, migration_hash, legacy_id) VALUES (8, 8, 'attachment test', true, '2026-05-02 03:57:39', '2026-05-02 03:57:39', 2, 'NIsGWey3v23OaTgTWvLQLA==', NULL);
INSERT INTO zfgbb.message_history (message_history_id, message_id, message_text, current_flag, created_ts, updated_ts, ip_address_id, migration_hash, legacy_id) VALUES (10, 10, 'I&#039;m linking the empty &quot;New Board&quot; here!<br /><br />[url=http://localhost:8090/index.php?board=2.0]http://localhost:8090/index.php?board=2.0[/url]', true, '2026-05-02 04:13:42', '2026-05-02 04:13:42', 2, '_Aq4eXS2TwXPDIE2h6aOrg==', NULL);
INSERT INTO zfgbb.message_history (message_history_id, message_id, message_text, current_flag, created_ts, updated_ts, ip_address_id, migration_hash, legacy_id) VALUES (9, 9, '[quote thread=2 msg=8]<br />attachment test<br />[/quote]<br /><br />I&#039;m quoting you!&nbsp; :P', true, '2026-05-02 04:10:34', '2026-05-02 04:10:34', 2, 'FFRiHehAE-40NI_Gnkl5Jw==', NULL);
INSERT INTO zfgbb.poll (poll_id, poll_question, thread_id, created_ts, updated_ts, voting_locked_flag, expire_time, hide_results_flag, change_vote_flag, created_user_id, guest_vote_flag, guest_vote_count, reset_poll, max_votes, migration_hash, answer_text) VALUES (1, 'Poll Question?', 2, '2026-05-03 20:08:51.180851', '2026-05-03 20:08:51.180851', false, '2026-05-09 03:44:08', false, true, 8, false, 0, 0, 1, 'dPmwE5H-3MHstB-bTfhvwg==', NULL);
INSERT INTO zfgbb.poll_choice (poll_choice_id, poll_id, choice_text, active_flag, votes, migration_hash, seqno, created_ts, updated_ts) VALUES (1, 1, 'Option 1', true, 0, 'T8C1cPbJ-mNy2zoRJZr6zA==', 0, '2026-05-03 20:08:51.191234', '2026-05-03 20:08:51.191234');
INSERT INTO zfgbb.poll_choice (poll_choice_id, poll_id, choice_text, active_flag, votes, migration_hash, seqno, created_ts, updated_ts) VALUES (2, 1, 'Option 2', true, 0, 'VDXQAZej6KqJ4xSqMqL0cA==', 1, '2026-05-03 20:08:51.191234', '2026-05-03 20:08:51.191234');
INSERT INTO zfgbb.poll_choice (poll_choice_id, poll_id, choice_text, active_flag, votes, migration_hash, seqno, created_ts, updated_ts) VALUES (3, 1, 'Option 3', true, 0, 'lkfhoRUFNI5W5j_i_ANQ8w==', 2, '2026-05-03 20:08:51.191234', '2026-05-03 20:08:51.191234');
INSERT INTO zfgbb.user_bio_info (user_id, custom_title, personal_text, created_ts, updated_ts, signature, migration_hash, avatar_id, date_registered, last_login, real_name, birth_date, website_title, website_url, location, time_format, karma_good, karma_bad, hide_email_flag, hide_online_status, gender_id, preferred_timezone) VALUES (8, '', '', '2026-05-03 20:08:51.13805', '2026-05-03 20:08:51.13805', '', 'KXbOCN2UfeS0gz2ZrWeyJA==', NULL, '2026-05-02 00:00:00', NULL, NULL, '0001-01-01', NULL, NULL, NULL, NULL, 0, 0, false, false, NULL, 'Etc/GMT0');
INSERT INTO zfgbb.user_bio_info (user_id, custom_title, personal_text, created_ts, updated_ts, signature, migration_hash, avatar_id, date_registered, last_login, real_name, birth_date, website_title, website_url, location, time_format, karma_good, karma_bad, hide_email_flag, hide_online_status, gender_id, preferred_timezone) VALUES (9, '', 'Personal Text', '2026-05-03 20:08:51.13805', '2026-05-03 20:08:51.13805', 'signature ya', 'WKRlamR6mkAm9cN_vhiKJw==', 4, '2026-05-02 00:00:00', NULL, NULL, '2005-05-01', NULL, NULL, NULL, NULL, 0, 0, true, false, NULL, 'Etc/GMT0');
INSERT INTO zfgbb.user_contact_info (user_id, email_address_id, allow_email_flag, allow_pm_flag, created_ts, updated_ts, migration_hash) VALUES (8, 1, true, true, '2026-05-03 20:08:51.168034', '2026-05-03 20:08:51.168034', '6f-5M5C247BwRdOroZg1eQ==');
INSERT INTO zfgbb.user_contact_info (user_id, email_address_id, allow_email_flag, allow_pm_flag, created_ts, updated_ts, migration_hash) VALUES (9, 2, false, true, '2026-05-03 20:08:51.168034', '2026-05-03 20:08:51.168034', 'SdIHSiUpK91Lmqnw9hHCsw==');

-- ===== sequence resets =====
select setval(pg_get_serial_sequence('zfgbb.category', 'category_id'), coalesce((select max(category_id) from zfgbb.category), 0) + 1, false);
select setval(pg_get_serial_sequence('zfgbb.board', 'board_id'), coalesce((select max(board_id) from zfgbb.board), 0) + 1, false);
select setval(pg_get_serial_sequence('zfgbb.thread', 'thread_id'), coalesce((select max(thread_id) from zfgbb.thread), 0) + 1, false);
select setval(pg_get_serial_sequence('zfgbb.message', 'message_id'), coalesce((select max(message_id) from zfgbb.message), 0) + 1, false);
select setval(pg_get_serial_sequence('zfgbb.message_history', 'message_history_id'), coalesce((select max(message_history_id) from zfgbb.message_history), 0) + 1, false);
select setval(pg_get_serial_sequence('zfgbb."user"', 'user_id'), coalesce((select max(user_id) from zfgbb."user"), 0) + 1, false);
select setval(pg_get_serial_sequence('zfgbb.email_address', 'email_address_id'), coalesce((select max(email_address_id) from zfgbb.email_address), 0) + 1, false);
select setval(pg_get_serial_sequence('zfgbb.ip_address', 'ip_address_id'), coalesce((select max(ip_address_id) from zfgbb.ip_address), 0) + 1, false);
select setval(pg_get_serial_sequence('zfgbb.file_attachments', 'file_attachment_id'), coalesce((select max(file_attachment_id) from zfgbb.file_attachments), 0) + 1, false);
select setval(pg_get_serial_sequence('zfgbb.avatar', 'avatar_id'), coalesce((select max(avatar_id) from zfgbb.avatar), 0) + 1, false);
select setval(pg_get_serial_sequence('zfgbb.content_resource', 'content_resource_id'), coalesce((select max(content_resource_id) from zfgbb.content_resource), 0) + 1, false);
select setval(pg_get_serial_sequence('zfgbb.poll', 'poll_id'), coalesce((select max(poll_id) from zfgbb.poll), 0) + 1, false);
select setval(pg_get_serial_sequence('zfgbb.poll_choice', 'poll_choice_id'), coalesce((select max(poll_choice_id) from zfgbb.poll_choice), 0) + 1, false);
select setval(pg_get_serial_sequence('zfgbb.br_board_permission', 'br_board_permission_id'), coalesce((select max(br_board_permission_id) from zfgbb.br_board_permission), 0) + 1, false);
select setval(pg_get_serial_sequence('zfgbb.br_user_permission', 'br_user_permission_id'), coalesce((select max(br_user_permission_id) from zfgbb.br_user_permission), 0) + 1, false);
